<?xml version="1.0" encoding="UTF-8"?>
<project-private xmlns="http://www.netbeans.org/ns/project-private/1">
    <editor-bookmarks xmlns="http://www.netbeans.org/ns/editor-bookmarks/2" lastBookmarkId="0"/>
    <open-files xmlns="http://www.netbeans.org/ns/projectui-open-files/2">
        <group>
            <file>file:/C:/Users/vishnyad/NetBeans/Modeler/src/start/RunSong.java</file>
            <file>file:/C:/Users/vishnyad/NetBeans/Modeler/src/modeler/CandidateParser.java</file>
            <file>file:/C:/Users/vishnyad/NetBeans/Modeler/src/comparator/SongSimilarityComparator.java</file>
            <file>file:/C:/Users/vishnyad/NetBeans/Modeler/src/comparator/SimilarityComparator.java</file>
            <file>file:/C:/Users/vishnyad/NetBeans/Modeler/src/comparator/SongPairsCreator.java</file>
            <file>file:/C:/Users/vishnyad/NetBeans/Modeler/src/start/RunModel.java</file>
            <file>file:/C:/Users/vishnyad/NetBeans/Modeler/src/modeler/NameSpacesReader.java</file>
        </group>
    </open-files>
</project-private>
